Codi_Situ,Desc_Situ,Defi_Situ
"01",Ativo(a),"O Título tem situação Ativo quando ele representa  um lantamento de um Auto de Infração, de uma Divida Ativa (IPTU) ou de uma Execução."
"02",Pendente,"A situação Pendente refere-se apenas ao Título de pagamento parcelado muda para em proposta ao gerar o boleto"
"03",Em Proposta,"A situação Em Proposta se referente ao Título de pagamento (cota única ou parcelado) Esse Título adquire esta situação quando o Contribuinte solicita pagamento do seu debito."
"04",Em Acordo,"Apenas o Título de Parcelamento fica ""Em Acordo"", quando a primeira parcela do Parcelamento for paga."
"05",Liquidado(a),"O Titulo de PAGAMENTO (Cota Única ou Parcelamento) fica Liquidado quando for totalmente pago O Titulo de Lançamento da CDA (Execucao) quando a mesma for paga através de um Título de Pagamento.
"06",Em Negociacao Pendente,"Refere-se ao Titulo de Lancamento de Auto de Infracao: quando for solicitado um pagamento.
"07",Quitado,"Refere-se ao Titulo de Lancamento de Auto de Infracao: quando for paga uma cota única"
"09",Em Dívida, " títulos em divida"
"10",Executado,"Título de Auto de Infração, quando o mesmo for Executado."
"12",Cancelado(a),"Quando um Título de Pagamento é Cancelado Quando um Titulo de Lançamento de Auto de Infração for cancelado, por causa do cancelamento do Auto."
"33",Suspenso(a) pela Justiça,"Titulo de Lançamento de Auto de Infração ou CDA, quando o mesmo for suspenso(a) pela Justiça"
"39",Cancelado c/ Geração de Crédito,"Situação criada para títulos com parcelas pagas, onde o pagamento gera um crédito para a pessoa."
"46",Suspensão Administrativa,"Situação a ser atribuída a uma CDA"